{
    "efcost_ce": 0.3708708708708709,
    "s_job": 0.5253253253253254,
    "alpha": 0.1945945945945946,
    "x_corr": 0.9122342342342342,
    "z_corr": 0.9530648648648649,
    "prod_var_x": 0.3320720720720721,
    "prod_var_x2": 0.6977477477477478,
    "prod_var_z": 0.4886486486486487,
    "u_bf_m": 0.11461461461461461,
    "u_rho": 1.5,
    "sigma": 0.8,
    "prod_rho": 1.0,
    "prod_err_w": 0.19579579579579579,
    "prod_err_y": 0.1921921921921922,
    "tax_lambda": 1.0,
    "tax_tau": 1.0,
    "max_iter": 5000,
    "num_v": 500,
    "tol_full_model": 1e-08,
    "efcost_sep": 0.0006426426426426426,
    "sim_nt_burn": 50,
    "sim_nh": 1000,
    "sim_ni": 25000,
    "sim_nt": 30
}